{
  "retrieval": {
    "hit_rate": 1.0,
    "mrr": 1.0
  },
  "end_to_end": {
    "context_relevance": 0.8833333333333333,
    "faithfulness": 0.6333333333333333,
    "answer_relevance": 0.46666666666666673
  }
}