{
  "retrieval": {
    "hit_rate": 1.0,
    "mrr": 1.0
  },
  "end_to_end": {
    "context_relevance": 0.6166666666666667,
    "faithfulness": 0.7166666666666668,
    "answer_relevance": 0.6
  }
}